id,invoice_total,profit,num_items,sales_json
1,83932.74,37748.13,2,"[{""sale_id"": ""sale_1_1"", ""product_id"": ""5bfb497e-0b04-4f0a-814b-8fdcd5c19b43"", ""quantity"": 9, ""retail_price"": 4030.7, ""selling_price"": 8726.48, ""discount_price"": 937.38, ""total_price"": 70101.9, ""profit"": 33825.6}, {""sale_id"": ""sale_1_2"", ""product_id"": ""e43c6c6e-9da3-4f47-abcc-9ebae2252f6b"", ""quantity"": 3, ""retail_price"": 3302.77, ""selling_price"": 5007.49, ""discount_price"": 397.21, ""total_price"": 13830.84, ""profit"": 3922.53}]"
2,34033.45,9896.3,1,"[{""sale_id"": ""sale_2_1"", ""product_id"": ""98b4053d-99cd-4ad8-b2fd-008e529fc849"", ""quantity"": 5, ""retail_price"": 4827.43, ""selling_price"": 7736.74, ""discount_price"": 930.05, ""total_price"": 34033.45, ""profit"": 9896.3}]"
3,7727.94,4485.0,1,"[{""sale_id"": ""sale_3_1"", ""product_id"": ""4bf6cfa7-8908-47c9-865c-440c4a0495ae"", ""quantity"": 6, ""retail_price"": 540.49, ""selling_price"": 1344.55, ""discount_price"": 56.56, ""total_price"": 7727.94, ""profit"": 4485.0}]"
4,92893.19,35895.34,4,"[{""sale_id"": ""sale_4_1"", ""product_id"": ""e4507556-92e0-4327-bb71-bbe36128b1ff"", ""quantity"": 10, ""retail_price"": 2824.43, ""selling_price"": 5151.38, ""discount_price"": 355.77, ""total_price"": 47956.1, ""profit"": 19711.8}, {""sale_id"": ""sale_4_2"", ""product_id"": ""611ddcac-27a9-498b-b4fb-b56f1ae86666"", ""quantity"": 6, ""retail_price"": 773.11, ""selling_price"": 1176.82, ""discount_price"": 168.22, ""total_price"": 6051.6, ""profit"": 1412.94}, {""sale_id"": ""sale_4_3"", ""product_id"": ""59225d33-7d31-4ca9-880b-5c505dbb4815"", ""quantity"": 3, ""retail_price"": 1265.68, ""selling_price"": 2186.14, ""discount_price"": 234.36, ""total_price"": 5855.34, ""profit"": 2058.3}, {""sale_id"": ""sale_4_4"", ""product_id"": ""9e04ba42-f549-4ecd-93cf-e2bda893cd3e"", ""quantity"": 5, ""retail_price"": 4063.57, ""selling_price"": 7547.98, ""discount_price"": 941.95, ""total_price"": 33030.15, ""profit"": 12712.3}]"
5,16051.86,2092.26,1,"[{""sale_id"": ""sale_5_1"", ""product_id"": ""f610dfaf-c264-42f4-acf8-dd8e782e45bf"", ""quantity"": 3, ""retail_price"": 4653.2, ""selling_price"": 6044.25, ""discount_price"": 693.63, ""total_price"": 16051.86, ""profit"": 2092.26}]"
6,34012.4,8647.2,1,"[{""sale_id"": ""sale_6_1"", ""product_id"": ""d02108d9-798f-472a-a1a0-e77253e4e44b"", ""quantity"": 8, ""retail_price"": 3170.65, ""selling_price"": 4631.36, ""discount_price"": 379.81, ""total_price"": 34012.4, ""profit"": 8647.2}]"
7,1172.87,645.43,1,"[{""sale_id"": ""sale_7_1"", ""product_id"": ""9a2678a8-cb89-45f7-b350-5b49fb9e1f59"", ""quantity"": 1, ""retail_price"": 527.44, ""selling_price"": 1286.87, ""discount_price"": 114.0, ""total_price"": 1172.87, ""profit"": 645.43}]"
8,25239.6,8116.26,2,"[{""sale_id"": ""sale_8_1"", ""product_id"": ""19f6d932-7ca5-47eb-9467-df494c68943e"", ""quantity"": 2, ""retail_price"": 4344.95, ""selling_price"": 8814.0, ""discount_price"": 718.52, ""total_price"": 16190.96, ""profit"": 7501.06}, {""sale_id"": ""sale_8_2"", ""product_id"": ""a1e780da-8f14-4906-98eb-3fe446d374c4"", ""quantity"": 4, ""retail_price"": 2108.36, ""selling_price"": 2603.03, ""discount_price"": 340.87, ""total_price"": 9048.64, ""profit"": 615.2}]"
9,43681.8,22986.3,1,"[{""sale_id"": ""sale_9_1"", ""product_id"": ""5cd59212-ae43-4abe-9fb9-06ee438dd566"", ""quantity"": 6, ""retail_price"": 3449.25, ""selling_price"": 7292.43, ""discount_price"": 12.13, ""total_price"": 43681.8, ""profit"": 22986.3}]"
10,75280.72,29759.14,4,"[{""sale_id"": ""sale_10_1"", ""product_id"": ""9ff925e7-1f04-42b6-b7d7-9db0fa7988a0"", ""quantity"": 5, ""retail_price"": 479.5, ""selling_price"": 858.79, ""discount_price"": 61.01, ""total_price"": 3988.9, ""profit"": 1591.4}, {""sale_id"": ""sale_10_2"", ""product_id"": ""56187d84-512f-4ff2-b56b-4753590e95f6"", ""quantity"": 4, ""retail_price"": 2862.17, ""selling_price"": 3831.48, ""discount_price"": 47.75, ""total_price"": 15134.92, ""profit"": 3686.24}, {""sale_id"": ""sale_10_3"", ""product_id"": ""99e01ae4-edd5-49d7-af36-058c0f68ed31"", ""quantity"": 10, ""retail_price"": 815.28, ""selling_price"": 1023.89, ""discount_price"": 139.02, ""total_price"": 8848.7, ""profit"": 695.9}, {""sale_id"": ""sale_10_4"", ""product_id"": ""3e8cf4b5-771e-4906-8b99-c24741487e9a"", ""quantity"": 10, ""retail_price"": 2352.26, ""selling_price"": 4932.29, ""discount_price"": 201.47, ""total_price"": 47308.2, ""profit"": 23785.6}]"
11,26103.71,10553.97,3,"[{""sale_id"": ""sale_11_1"", ""product_id"": ""a95af95b-0620-46dd-b7da-e51bbfd9c553"", ""quantity"": 2, ""retail_price"": 1395.89, ""selling_price"": 3263.66, ""discount_price"": 11.1, ""total_price"": 6505.12, ""profit"": 3713.34}, {""sale_id"": ""sale_11_2"", ""product_id"": ""648379e0-0b0a-4923-a0e7-bf9d6c7aae39"", ""quantity"": 3, ""retail_price"": 222.27, ""selling_price"": 460.78, ""discount_price"": 59.1, ""total_price"": 1205.04, ""profit"": 538.23}, {""sale_id"": ""sale_11_3"", ""product_id"": ""1e0a7fa3-35f7-430c-b8ab-ad35000e06d1"", ""quantity"": 5, ""retail_price"": 2418.23, ""selling_price"": 3962.54, ""discount_price"": 283.83, ""total_price"": 18393.55, ""profit"": 6302.4}]"
12,30739.87,9745.64,3,"[{""sale_id"": ""sale_12_1"", ""product_id"": ""996c926e-4dba-4504-a636-d300736b2db0"", ""quantity"": 1, ""retail_price"": 4805.09, ""selling_price"": 9508.0, ""discount_price"": 626.34, ""total_price"": 8881.66, ""profit"": 4076.57}, {""sale_id"": ""sale_12_2"", ""product_id"": ""7477e869-c135-4623-99ac-5ddbb3ef4ead"", ""quantity"": 3, ""retail_price"": 1257.61, ""selling_price"": 1603.17, ""discount_price"": 51.33, ""total_price"": 4655.52, ""profit"": 882.69}, {""sale_id"": ""sale_12_3"", ""product_id"": ""522f5f2a-6086-4337-8e67-7b46432b3642"", ""quantity"": 3, ""retail_price"": 4138.77, ""selling_price"": 6185.62, ""discount_price"": 451.39, ""total_price"": 17202.69, ""profit"": 4786.38}]"
13,69530.87,26090.87,4,"[{""sale_id"": ""sale_13_1"", ""product_id"": ""ea2f3eb5-58f9-4404-a8a5-0c7954fc48af"", ""quantity"": 9, ""retail_price"": 3849.42, ""selling_price"": 6235.97, ""discount_price"": 159.12, ""total_price"": 54691.65, ""profit"": 20046.87}, {""sale_id"": ""sale_13_2"", ""product_id"": ""879491ec-123c-473d-a3e1-35928eb5f75a"", ""quantity"": 1, ""retail_price"": 4681.15, ""selling_price"": 6508.35, ""discount_price"": 161.53, ""total_price"": 6346.82, ""profit"": 1665.67}, {""sale_id"": ""sale_13_3"", ""product_id"": ""f7359d87-e924-4011-b67d-37bb5f6bf134"", ""quantity"": 2, ""retail_price"": 555.47, ""selling_price"": 1247.91, ""discount_price"": 3.74, ""total_price"": 2488.34, ""profit"": 1377.4}, {""sale_id"": ""sale_13_4"", ""product_id"": ""e75bc983-3b9e-43eb-a95a-9a4a7e56198f"", ""quantity"": 1, ""retail_price"": 3003.13, ""selling_price"": 6244.05, ""discount_price"": 239.99, ""total_price"": 6004.06, ""profit"": 3000.93}]"
14,89942.39,31934.92,4,"[{""sale_id"": ""sale_14_1"", ""product_id"": ""fe9c1852-9965-4eef-828c-5f0d58736efe"", ""quantity"": 3, ""retail_price"": 4523.38, ""selling_price"": 9035.49, ""discount_price"": 153.07, ""total_price"": 26647.26, ""profit"": 13077.12}, {""sale_id"": ""sale_14_2"", ""product_id"": ""f2fe8366-662d-4444-801f-a5d9da75d3ef"", ""quantity"": 6, ""retail_price"": 1857.75, ""selling_price"": 2438.02, ""discount_price"": 323.21, ""total_price"": 12688.86, ""profit"": 1542.36}, {""sale_id"": ""sale_14_3"", ""product_id"": ""f33f3be1-c291-4a1a-810e-a5a709b23188"", ""quantity"": 9, ""retail_price"": 3377.39, ""selling_price"": 5284.28, ""discount_price"": 112.51, ""total_price"": 46545.93, ""profit"": 16149.42}, {""sale_id"": ""sale_14_4"", ""product_id"": ""f2fe8366-662d-4444-801f-a5d9da75d3ef"", ""quantity"": 2, ""retail_price"": 1447.16, ""selling_price"": 2353.75, ""discount_price"": 323.58, ""total_price"": 4060.34, ""profit"": 1166.02}]"
15,88884.09,28720.64,4,"[{""sale_id"": ""sale_15_1"", ""product_id"": ""7f4cab6c-1ecc-429b-81ef-dacaf889cb95"", ""quantity"": 3, ""retail_price"": 4294.73, ""selling_price"": 7564.8, ""discount_price"": 198.71, ""total_price"": 22098.27, ""profit"": 9214.08}, {""sale_id"": ""sale_15_2"", ""product_id"": ""53d3989d-8074-4b1e-b6ed-85d826c01c3d"", ""quantity"": 6, ""retail_price"": 186.89, ""selling_price"": 291.99, ""discount_price"": 13.28, ""total_price"": 1672.26, ""profit"": 550.92}, {""sale_id"": ""sale_15_3"", ""product_id"": ""7f4cab6c-1ecc-429b-81ef-dacaf889cb95"", ""quantity"": 4, ""retail_price"": 3725.1, ""selling_price"": 5019.22, ""discount_price"": 55.63, ""total_price"": 19854.36, ""profit"": 4953.96}, {""sale_id"": ""sale_15_4"", ""product_id"": ""9ff925e7-1f04-42b6-b7d7-9db0fa7988a0"", ""quantity"": 8, ""retail_price"": 3907.19, ""selling_price"": 6475.12, ""discount_price"": 817.72, ""total_price"": 45259.2, ""profit"": 14001.68}]"
16,36827.76,8244.06,2,"[{""sale_id"": ""sale_16_1"", ""product_id"": ""b44df497-f3fc-4eff-939c-e9c44327483d"", ""quantity"": 1, ""retail_price"": 1030.79, ""selling_price"": 2551.2, ""discount_price"": 25.4, ""total_price"": 2525.8, ""profit"": 1495.01}, {""sale_id"": ""sale_16_2"", ""product_id"": ""2fb34c4b-c072-4acb-a42f-cf8c178b7b66"", ""quantity"": 7, ""retail_price"": 3936.13, ""selling_price"": 5128.84, ""discount_price"": 228.56, ""total_price"": 34301.96, ""profit"": 6749.05}]"
17,26293.47,12072.62,1,"[{""sale_id"": ""sale_17_1"", ""product_id"": ""9cc806b4-43d6-4472-8ee8-5a48a19d22d3"", ""quantity"": 7, ""retail_price"": 2031.55, ""selling_price"": 3848.47, ""discount_price"": 92.26, ""total_price"": 26293.47, ""profit"": 12072.62}]"
18,46923.21,14906.18,4,"[{""sale_id"": ""sale_18_1"", ""product_id"": ""caaa3d4f-a7d9-4643-8697-d0a57aa0b7b0"", ""quantity"": 4, ""retail_price"": 1019.13, ""selling_price"": 2233.26, ""discount_price"": 92.61, ""total_price"": 8562.6, ""profit"": 4486.08}, {""sale_id"": ""sale_18_2"", ""product_id"": ""b1ec7481-838b-4f9e-b7e6-5465cbcde798"", ""quantity"": 6, ""retail_price"": 2458.32, ""selling_price"": 3531.99, ""discount_price"": 161.28, ""total_price"": 20224.26, ""profit"": 5474.34}, {""sale_id"": ""sale_18_3"", ""product_id"": ""522f5f2a-6086-4337-8e67-7b46432b3642"", ""quantity"": 3, ""retail_price"": 1577.43, ""selling_price"": 2011.47, ""discount_price"": 239.02, ""total_price"": 5317.35, ""profit"": 585.06}, {""sale_id"": ""sale_18_4"", ""product_id"": ""224bcb6f-40ce-408d-a737-8587f9ba703e"", ""quantity"": 5, ""retail_price"": 1691.66, ""selling_price"": 2652.41, ""discount_price"": 88.61, ""total_price"": 12819.0, ""profit"": 4360.7}]"
19,48757.74,23631.5,3,"[{""sale_id"": ""sale_19_1"", ""product_id"": ""98b4053d-99cd-4ad8-b2fd-008e529fc849"", ""quantity"": 3, ""retail_price"": 4636.7, ""selling_price"": 9317.4, ""discount_price"": 955.56, ""total_price"": 25085.52, ""profit"": 11175.42}, {""sale_id"": ""sale_19_2"", ""product_id"": ""e92ea2fa-ed2d-412e-9b89-82675f43efb7"", ""quantity"": 8, ""retail_price"": 722.61, ""selling_price"": 1793.25, ""discount_price"": 89.72, ""total_price"": 13628.24, ""profit"": 7847.36}, {""sale_id"": ""sale_19_3"", ""product_id"": ""3be5afe0-5e0a-4648-a66b-06cc415a70b5"", ""quantity"": 2, ""retail_price"": 2717.63, ""selling_price"": 5619.28, ""discount_price"": 597.29, ""total_price"": 10043.98, ""profit"": 4608.72}]"
20,55850.32,14536.22,3,"[{""sale_id"": ""sale_20_1"", ""product_id"": ""f0a50001-d8e5-4101-8c50-157bc13416ab"", ""quantity"": 8, ""retail_price"": 4144.17, ""selling_price"": 5136.57, ""discount_price"": 311.5, ""total_price"": 38600.56, ""profit"": 5447.2}, {""sale_id"": ""sale_20_2"", ""product_id"": ""c755d3d3-67b6-4191-b7a6-ce34bdb57fe1"", ""quantity"": 2, ""retail_price"": 2949.38, ""selling_price"": 6248.35, ""discount_price"": 27.89, ""total_price"": 12440.92, ""profit"": 6542.16}, {""sale_id"": ""sale_20_3"", ""product_id"": ""f33f3be1-c291-4a1a-810e-a5a709b23188"", ""quantity"": 1, ""retail_price"": 2261.98, ""selling_price"": 5175.74, ""discount_price"": 366.9, ""total_price"": 4808.84, ""profit"": 2546.86}]"
21,17629.32,6937.86,1,"[{""sale_id"": ""sale_21_1"", ""product_id"": ""fb17cb36-cb7d-4f58-b728-0f51fd79fa07"", ""quantity"": 6, ""retail_price"": 1781.91, ""selling_price"": 3274.59, ""discount_price"": 336.37, ""total_price"": 17629.32, ""profit"": 6937.86}]"
22,21816.0,9157.14,1,"[{""sale_id"": ""sale_22_1"", ""product_id"": ""f2fe8366-662d-4444-801f-a5d9da75d3ef"", ""quantity"": 6, ""retail_price"": 2109.81, ""selling_price"": 3752.12, ""discount_price"": 116.12, ""total_price"": 21816.0, ""profit"": 9157.14}]"
23,69995.39,33248.96,4,"[{""sale_id"": ""sale_23_1"", ""product_id"": ""7f4cab6c-1ecc-429b-81ef-dacaf889cb95"", ""quantity"": 1, ""retail_price"": 1884.96, ""selling_price"": 4434.58, ""discount_price"": 54.24, ""total_price"": 4380.34, ""profit"": 2495.38}, {""sale_id"": ""sale_23_2"", ""product_id"": ""9e04ba42-f549-4ecd-93cf-e2bda893cd3e"", ""quantity"": 4, ""retail_price"": 4352.89, ""selling_price"": 9271.39, ""discount_price"": 916.01, ""total_price"": 33421.52, ""profit"": 16009.96}, {""sale_id"": ""sale_23_3"", ""product_id"": ""2fb34c4b-c072-4acb-a42f-cf8c178b7b66"", ""quantity"": 4, ""retail_price"": 2710.16, ""selling_price"": 6171.16, ""discount_price"": 799.55, ""total_price"": 21486.44, ""profit"": 10645.8}, {""sale_id"": ""sale_23_4"", ""product_id"": ""0136e827-bc2b-4d88-a084-2aaf33ca283f"", ""quantity"": 3, ""retail_price"": 2203.09, ""selling_price"": 4103.89, ""discount_price"": 534.86, ""total_price"": 10707.09, ""profit"": 4097.82}]"
24,50700.46,13566.88,3,"[{""sale_id"": ""sale_24_1"", ""product_id"": ""53d3989d-8074-4b1e-b6ed-85d826c01c3d"", ""quantity"": 6, ""retail_price"": 4873.46, ""selling_price"": 7352.99, ""discount_price"": 1015.49, ""total_price"": 38025.0, ""profit"": 8784.24}, {""sale_id"": ""sale_24_2"", ""product_id"": ""4bf6cfa7-8908-47c9-865c-440c4a0495ae"", ""quantity"": 10, ""retail_price"": 526.14, ""selling_price"": 962.38, ""discount_price"": 19.17, ""total_price"": 9432.1, ""profit"": 4170.7}, {""sale_id"": ""sale_24_3"", ""product_id"": ""b22a8821-b3b7-4ce1-974f-756d168bf69f"", ""quantity"": 3, ""retail_price"": 877.14, ""selling_price"": 1111.89, ""discount_price"": 30.77, ""total_price"": 3243.36, ""profit"": 611.94}]"
25,33034.11,13745.93,3,"[{""sale_id"": ""sale_25_1"", ""product_id"": ""d3cf4717-3e4f-414a-a35e-b1eed5b9b38f"", ""quantity"": 2, ""retail_price"": 1635.1, ""selling_price"": 3134.33, ""discount_price"": 63.11, ""total_price"": 6142.44, ""profit"": 2872.24}, {""sale_id"": ""sale_25_2"", ""product_id"": ""9a2678a8-cb89-45f7-b350-5b49fb9e1f59"", ""quantity"": 7, ""retail_price"": 1271.45, ""selling_price"": 2252.53, ""discount_price"": 211.75, ""total_price"": 14285.46, ""profit"": 5385.31}, {""sale_id"": ""sale_25_3"", ""product_id"": ""1e0a7fa3-35f7-430c-b8ab-ad35000e06d1"", ""quantity"": 9, ""retail_price"": 790.87, ""selling_price"": 1446.9, ""discount_price"": 46.21, ""total_price"": 12606.21, ""profit"": 5488.38}]"
26,25070.64,14021.36,1,"[{""sale_id"": ""sale_26_1"", ""product_id"": ""e43c6c6e-9da3-4f47-abcc-9ebae2252f6b"", ""quantity"": 4, ""retail_price"": 2762.32, ""selling_price"": 6332.46, ""discount_price"": 64.8, ""total_price"": 25070.64, ""profit"": 14021.36}]"
27,40317.66,20591.73,1,"[{""sale_id"": ""sale_27_1"", ""product_id"": ""41f6d610-ea3a-4636-b671-7c542295d0bd"", ""quantity"": 9, ""retail_price"": 2191.77, ""selling_price"": 4587.44, ""discount_price"": 107.7, ""total_price"": 40317.66, ""profit"": 20591.73}]"
28,21271.53,10671.85,1,"[{""sale_id"": ""sale_28_1"", ""product_id"": ""e43c6c6e-9da3-4f47-abcc-9ebae2252f6b"", ""quantity"": 7, ""retail_price"": 1514.24, ""selling_price"": 3569.96, ""discount_price"": 531.17, ""total_price"": 21271.53, ""profit"": 10671.85}]"
29,75739.83,34894.41,3,"[{""sale_id"": ""sale_29_1"", ""product_id"": ""879491ec-123c-473d-a3e1-35928eb5f75a"", ""quantity"": 5, ""retail_price"": 1106.01, ""selling_price"": 2635.45, ""discount_price"": 366.91, ""total_price"": 11342.7, ""profit"": 5812.65}, {""sale_id"": ""sale_29_2"", ""product_id"": ""e5dd57f4-155b-420f-a7a7-60448fe9465d"", ""quantity"": 7, ""retail_price"": 1883.01, ""selling_price"": 3817.52, ""discount_price"": 380.23, ""total_price"": 24061.03, ""profit"": 10879.96}, {""sale_id"": ""sale_29_3"", ""product_id"": ""3cbe2fc6-0d89-4811-8534-f7b3c8f9958b"", ""quantity"": 10, ""retail_price"": 2213.43, ""selling_price"": 4651.71, ""discount_price"": 618.1, ""total_price"": 40336.1, ""profit"": 18201.8}]"
30,65179.6,21751.46,4,"[{""sale_id"": ""sale_30_1"", ""product_id"": ""1829e621-1200-479d-92f2-4caa8775a7b4"", ""quantity"": 5, ""retail_price"": 2359.54, ""selling_price"": 3722.63, ""discount_price"": 332.34, ""total_price"": 16951.45, ""profit"": 5153.75}, {""sale_id"": ""sale_30_2"", ""product_id"": ""3be5afe0-5e0a-4648-a66b-06cc415a70b5"", ""quantity"": 2, ""retail_price"": 2122.14, ""selling_price"": 5246.14, ""discount_price"": 334.57, ""total_price"": 9823.14, ""profit"": 5578.86}, {""sale_id"": ""sale_30_3"", ""product_id"": ""21ec3906-7ed2-4ce3-96f1-f2b8df59f4a1"", ""quantity"": 10, ""retail_price"": 124.17, ""selling_price"": 220.42, ""discount_price"": 0.88, ""total_price"": 2195.4, ""profit"": 953.7}, {""sale_id"": ""sale_30_4"", ""product_id"": ""3be5afe0-5e0a-4648-a66b-06cc415a70b5"", ""quantity"": 9, ""retail_price"": 2904.94, ""selling_price"": 4570.86, ""discount_price"": 547.57, ""total_price"": 36209.61, ""profit"": 10065.15}]"
31,60981.21,27667.35,1,"[{""sale_id"": ""sale_31_1"", ""product_id"": ""e3396fc3-80c5-4b03-9298-008fb450b37e"", ""quantity"": 9, ""retail_price"": 3701.54, ""selling_price"": 7574.05, ""discount_price"": 798.36, ""total_price"": 60981.21, ""profit"": 27667.35}]"
32,118023.68,56795.9,4,"[{""sale_id"": ""sale_32_1"", ""product_id"": ""93da9eff-49a9-4ccb-ab8f-68e26e852e92"", ""quantity"": 6, ""retail_price"": 2881.0, ""selling_price"": 6759.3, ""discount_price"": 563.7, ""total_price"": 37173.6, ""profit"": 19887.6}, {""sale_id"": ""sale_32_2"", ""product_id"": ""53d3989d-8074-4b1e-b6ed-85d826c01c3d"", ""quantity"": 7, ""retail_price"": 2241.64, ""selling_price"": 5406.48, ""discount_price"": 146.71, ""total_price"": 36818.39, ""profit"": 21126.91}, {""sale_id"": ""sale_32_3"", ""product_id"": ""2fb34c4b-c072-4acb-a42f-cf8c178b7b66"", ""quantity"": 8, ""retail_price"": 2533.0, ""selling_price"": 3983.11, ""discount_price"": 406.96, ""total_price"": 28609.2, ""profit"": 8345.2}, {""sale_id"": ""sale_32_4"", ""product_id"": ""6e430a2c-8a53-4cd9-8265-afc427d19868"", ""quantity"": 3, ""retail_price"": 2662.1, ""selling_price"": 5965.73, ""discount_price"": 824.9, ""total_price"": 15422.49, ""profit"": 7436.19}]"
33,3982.5,1940.1,1,"[{""sale_id"": ""sale_33_1"", ""product_id"": ""879491ec-123c-473d-a3e1-35928eb5f75a"", ""quantity"": 5, ""retail_price"": 408.48, ""selling_price"": 900.81, ""discount_price"": 104.31, ""total_price"": 3982.5, ""profit"": 1940.1}]"
34,112296.24,55820.91,3,"[{""sale_id"": ""sale_34_1"", ""product_id"": ""9a2678a8-cb89-45f7-b350-5b49fb9e1f59"", ""quantity"": 1, ""retail_price"": 3101.38, ""selling_price"": 6752.89, ""discount_price"": 281.13, ""total_price"": 6471.76, ""profit"": 3370.38}, {""sale_id"": ""sale_34_2"", ""product_id"": ""fbd43656-b873-48c0-954c-c2986eb6a51f"", ""quantity"": 10, ""retail_price"": 3076.64, ""selling_price"": 6990.17, ""discount_price"": 988.74, ""total_price"": 60014.3, ""profit"": 29247.9}, {""sale_id"": ""sale_34_3"", ""product_id"": ""12fbd075-cded-4572-a3a3-212a44b9b82a"", ""quantity"": 9, ""retail_price"": 2511.95, ""selling_price"": 5287.98, ""discount_price"": 197.96, ""total_price"": 45810.18, ""profit"": 23202.63}]"
35,18551.76,8653.96,2,"[{""sale_id"": ""sale_35_1"", ""product_id"": ""e92ea2fa-ed2d-412e-9b89-82675f43efb7"", ""quantity"": 3, ""retail_price"": 817.65, ""selling_price"": 1349.17, ""discount_price"": 38.79, ""total_price"": 3931.14, ""profit"": 1478.19}, {""sale_id"": ""sale_35_2"", ""product_id"": ""a1e780da-8f14-4906-98eb-3fe446d374c4"", ""quantity"": 7, ""retail_price"": 1063.55, ""selling_price"": 2162.53, ""discount_price"": 73.87, ""total_price"": 14620.62, ""profit"": 7175.77}]"
36,5650.92,2212.83,1,"[{""sale_id"": ""sale_36_1"", ""product_id"": ""56187d84-512f-4ff2-b56b-4753590e95f6"", ""quantity"": 9, ""retail_price"": 382.01, ""selling_price"": 725.23, ""discount_price"": 97.35, ""total_price"": 5650.92, ""profit"": 2212.83}]"
37,139885.8,43322.73,4,"[{""sale_id"": ""sale_37_1"", ""product_id"": ""cebb1fe8-84d7-48b9-a71c-b1ea2938e202"", ""quantity"": 3, ""retail_price"": 2680.3, ""selling_price"": 3739.67, ""discount_price"": 304.83, ""total_price"": 10304.52, ""profit"": 2263.62}, {""sale_id"": ""sale_37_2"", ""product_id"": ""7477e869-c135-4623-99ac-5ddbb3ef4ead"", ""quantity"": 9, ""retail_price"": 4642.3, ""selling_price"": 7975.12, ""discount_price"": 206.8, ""total_price"": 69914.88, ""profit"": 28134.18}, {""sale_id"": ""sale_37_3"", ""product_id"": ""caaa3d4f-a7d9-4643-8697-d0a57aa0b7b0"", ""quantity"": 6, ""retail_price"": 606.73, ""selling_price"": 970.77, ""discount_price"": 59.97, ""total_price"": 5464.8, ""profit"": 1824.42}, {""sale_id"": ""sale_37_4"", ""product_id"": ""e3396fc3-80c5-4b03-9298-008fb450b37e"", ""quantity"": 9, ""retail_price"": 4789.01, ""selling_price"": 6268.05, ""discount_price"": 245.65, ""total_price"": 54201.6, ""profit"": 11100.51}]"
38,32689.47,14389.83,4,"[{""sale_id"": ""sale_38_1"", ""product_id"": ""cebb1fe8-84d7-48b9-a71c-b1ea2938e202"", ""quantity"": 1, ""retail_price"": 2259.42, ""selling_price"": 5379.51, ""discount_price"": 475.76, ""total_price"": 4903.75, ""profit"": 2644.33}, {""sale_id"": ""sale_38_2"", ""product_id"": ""758f5afd-c486-4a2d-b309-80686753e774"", ""quantity"": 1, ""retail_price"": 2212.7, ""selling_price"": 5479.58, ""discount_price"": 199.14, ""total_price"": 5280.44, ""profit"": 3067.74}, {""sale_id"": ""sale_38_3"", ""product_id"": ""f7359d87-e924-4011-b67d-37bb5f6bf134"", ""quantity"": 2, ""retail_price"": 822.56, ""selling_price"": 2048.49, ""discount_price"": 158.97, ""total_price"": 3779.04, ""profit"": 2133.92}, {""sale_id"": ""sale_38_4"", ""product_id"": ""5bfb497e-0b04-4f0a-814b-8fdcd5c19b43"", ""quantity"": 8, ""retail_price"": 1522.8, ""selling_price"": 2603.05, ""discount_price"": 262.27, ""total_price"": 18726.24, ""profit"": 6543.84}]"
39,98905.6,36419.48,4,"[{""sale_id"": ""sale_39_1"", ""product_id"": ""9cc806b4-43d6-4472-8ee8-5a48a19d22d3"", ""quantity"": 10, ""retail_price"": 437.91, ""selling_price"": 679.95, ""discount_price"": 67.23, ""total_price"": 6127.2, ""profit"": 1748.1}, {""sale_id"": ""sale_39_2"", ""product_id"": ""56187d84-512f-4ff2-b56b-4753590e95f6"", ""quantity"": 9, ""retail_price"": 4278.61, ""selling_price"": 6109.18, ""discount_price"": 185.68, ""total_price"": 53311.5, ""profit"": 14804.01}, {""sale_id"": ""sale_39_3"", ""product_id"": ""5863a511-8248-46f9-b475-514bca7f8888"", ""quantity"": 5, ""retail_price"": 2345.05, ""selling_price"": 4948.76, ""discount_price"": 248.52, ""total_price"": 23501.2, ""profit"": 11775.95}, {""sale_id"": ""sale_39_4"", ""product_id"": ""c26d5b6c-f44f-4eea-bf1b-ae502c5ab339"", ""quantity"": 3, ""retail_price"": 2624.76, ""selling_price"": 5835.48, ""discount_price"": 513.58, ""total_price"": 15965.7, ""profit"": 8091.42}]"
40,3794.34,692.1,1,"[{""sale_id"": ""sale_40_1"", ""product_id"": ""31bfdd84-6740-47b5-818a-2c70a850f320"", ""quantity"": 6, ""retail_price"": 517.04, ""selling_price"": 683.01, ""discount_price"": 50.62, ""total_price"": 3794.34, ""profit"": 692.1}]"
41,5559.7,1624.6,1,"[{""sale_id"": ""sale_41_1"", ""product_id"": ""c755d3d3-67b6-4191-b7a6-ce34bdb57fe1"", ""quantity"": 10, ""retail_price"": 393.51, ""selling_price"": 576.85, ""discount_price"": 20.88, ""total_price"": 5559.7, ""profit"": 1624.6}]"
42,108068.36,40400.34,4,"[{""sale_id"": ""sale_42_1"", ""product_id"": ""c755d3d3-67b6-4191-b7a6-ce34bdb57fe1"", ""quantity"": 10, ""retail_price"": 3280.56, ""selling_price"": 5014.81, ""discount_price"": 158.75, ""total_price"": 48560.6, ""profit"": 15755.0}, {""sale_id"": ""sale_42_2"", ""product_id"": ""31bfdd84-6740-47b5-818a-2c70a850f320"", ""quantity"": 6, ""retail_price"": 3132.72, ""selling_price"": 4679.05, ""discount_price"": 95.83, ""total_price"": 27499.32, ""profit"": 8703.0}, {""sale_id"": ""sale_42_3"", ""product_id"": ""21ec3906-7ed2-4ce3-96f1-f2b8df59f4a1"", ""quantity"": 5, ""retail_price"": 3158.11, ""selling_price"": 6307.83, ""discount_price"": 16.41, ""total_price"": 31457.1, ""profit"": 15666.55}, {""sale_id"": ""sale_42_4"", ""product_id"": ""ea7de198-2f35-4b40-93d9-8dc264733d3a"", ""quantity"": 3, ""retail_price"": 91.85, ""selling_price"": 202.3, ""discount_price"": 18.52, ""total_price"": 551.34, ""profit"": 275.79}]"
43,154476.82,64417.87,4,"[{""sale_id"": ""sale_43_1"", ""product_id"": ""b1ec7481-838b-4f9e-b7e6-5465cbcde798"", ""quantity"": 9, ""retail_price"": 4713.28, ""selling_price"": 6994.42, ""discount_price"": 813.33, ""total_price"": 55629.81, ""profit"": 13210.29}, {""sale_id"": ""sale_43_2"", ""product_id"": ""d3cf4717-3e4f-414a-a35e-b1eed5b9b38f"", ""quantity"": 2, ""retail_price"": 3482.79, ""selling_price"": 4679.57, ""discount_price"": 361.51, ""total_price"": 8636.12, ""profit"": 1670.54}, {""sale_id"": ""sale_43_3"", ""product_id"": ""2da9a040-d7bc-4238-bfc7-29dd58a762ed"", ""quantity"": 9, ""retail_price"": 4355.01, ""selling_price"": 10083.21, ""discount_price"": 316.62, ""total_price"": 87899.31, ""profit"": 48704.22}, {""sale_id"": ""sale_43_4"", ""product_id"": ""ea2f3eb5-58f9-4404-a8a5-0c7954fc48af"", ""quantity"": 2, ""retail_price"": 739.38, ""selling_price"": 1163.84, ""discount_price"": 8.05, ""total_price"": 2311.58, ""profit"": 832.82}]"
44,28882.14,11678.74,3,"[{""sale_id"": ""sale_44_1"", ""product_id"": ""2fb34c4b-c072-4acb-a42f-cf8c178b7b66"", ""quantity"": 3, ""retail_price"": 2896.37, ""selling_price"": 4926.87, ""discount_price"": 457.02, ""total_price"": 13409.55, ""profit"": 4720.44}, {""sale_id"": ""sale_44_2"", ""product_id"": ""648379e0-0b0a-4923-a0e7-bf9d6c7aae39"", ""quantity"": 1, ""retail_price"": 1746.65, ""selling_price"": 2461.86, ""discount_price"": 40.07, ""total_price"": 2421.79, ""profit"": 675.14}, {""sale_id"": ""sale_44_3"", ""product_id"": ""fb17cb36-cb7d-4f58-b728-0f51fd79fa07"", ""quantity"": 4, ""retail_price"": 1691.91, ""selling_price"": 3470.56, ""discount_price"": 207.86, ""total_price"": 13050.8, ""profit"": 6283.16}]"
45,34180.98,15579.75,4,"[{""sale_id"": ""sale_45_1"", ""product_id"": ""522f5f2a-6086-4337-8e67-7b46432b3642"", ""quantity"": 3, ""retail_price"": 154.98, ""selling_price"": 230.89, ""discount_price"": 26.65, ""total_price"": 612.72, ""profit"": 147.78}, {""sale_id"": ""sale_45_2"", ""product_id"": ""93da9eff-49a9-4ccb-ab8f-68e26e852e92"", ""quantity"": 1, ""retail_price"": 2307.45, ""selling_price"": 4434.91, ""discount_price"": 407.39, ""total_price"": 4027.52, ""profit"": 1720.07}, {""sale_id"": ""sale_45_3"", ""product_id"": ""98b4053d-99cd-4ad8-b2fd-008e529fc849"", ""quantity"": 6, ""retail_price"": 2152.42, ""selling_price"": 4620.99, ""discount_price"": 624.28, ""total_price"": 23980.26, ""profit"": 11065.74}, {""sale_id"": ""sale_45_4"", ""product_id"": ""cb21d863-2ccc-4c1f-9bb5-85a23f885c12"", ""quantity"": 4, ""retail_price"": 728.58, ""selling_price"": 1400.03, ""discount_price"": 9.91, ""total_price"": 5560.48, ""profit"": 2646.16}]"
46,19618.38,10764.04,1,"[{""sale_id"": ""sale_46_1"", ""product_id"": ""c5fe7d8d-44e8-4e5c-96f5-6b6e02aa8ce3"", ""quantity"": 2, ""retail_price"": 4427.17, ""selling_price"": 10954.81, ""discount_price"": 1145.62, ""total_price"": 19618.38, ""profit"": 10764.04}]"
47,58002.74,18459.4,2,"[{""sale_id"": ""sale_47_1"", ""product_id"": ""9ff925e7-1f04-42b6-b7d7-9db0fa7988a0"", ""quantity"": 6, ""retail_price"": 2536.89, ""selling_price"": 3383.52, ""discount_price"": 146.25, ""total_price"": 19423.62, ""profit"": 4202.28}, {""sale_id"": ""sale_47_2"", ""product_id"": ""9cc806b4-43d6-4472-8ee8-5a48a19d22d3"", ""quantity"": 8, ""retail_price"": 3040.25, ""selling_price"": 4924.69, ""discount_price"": 102.3, ""total_price"": 38579.12, ""profit"": 14257.12}]"
48,59366.39,28725.28,2,"[{""sale_id"": ""sale_48_1"", ""product_id"": ""59225d33-7d31-4ca9-880b-5c505dbb4815"", ""quantity"": 8, ""retail_price"": 877.79, ""selling_price"": 1072.42, ""discount_price"": 36.12, ""total_price"": 8290.4, ""profit"": 1268.08}, {""sale_id"": ""sale_48_2"", ""product_id"": ""3d7c5b3a-e4aa-4080-a7ff-0b5170510f66"", ""quantity"": 9, ""retail_price"": 2624.31, ""selling_price"": 5883.57, ""discount_price"": 208.46, ""total_price"": 51075.99, ""profit"": 27457.2}]"
49,40273.14,18544.92,1,"[{""sale_id"": ""sale_49_1"", ""product_id"": ""758f5afd-c486-4a2d-b309-80686753e774"", ""quantity"": 6, ""retail_price"": 3621.37, ""selling_price"": 6990.09, ""discount_price"": 277.9, ""total_price"": 40273.14, ""profit"": 18544.92}]"
50,9875.22,3580.28,2,"[{""sale_id"": ""sale_50_1"", ""product_id"": ""31bfdd84-6740-47b5-818a-2c70a850f320"", ""quantity"": 1, ""retail_price"": 3363.44, ""selling_price"": 4256.22, ""discount_price"": 366.86, ""total_price"": 3889.36, ""profit"": 525.92}, {""sale_id"": ""sale_50_2"", ""product_id"": ""2c868b5e-b2ca-47fe-b190-b1d6649372b8"", ""quantity"": 2, ""retail_price"": 1465.75, ""selling_price"": 3332.81, ""discount_price"": 339.88, ""total_price"": 5985.86, ""profit"": 3054.36}]"
51,11875.66,5489.95,4,"[{""sale_id"": ""sale_51_1"", ""product_id"": ""522f5f2a-6086-4337-8e67-7b46432b3642"", ""quantity"": 7, ""retail_price"": 56.18, ""selling_price"": 126.56, ""discount_price"": 17.62, ""total_price"": 762.58, ""profit"": 369.32}, {""sale_id"": ""sale_51_2"", ""product_id"": ""e75bc983-3b9e-43eb-a95a-9a4a7e56198f"", ""quantity"": 1, ""retail_price"": 1483.48, ""selling_price"": 2934.19, ""discount_price"": 389.86, ""total_price"": 2544.33, ""profit"": 1060.85}, {""sale_id"": ""sale_51_3"", ""product_id"": ""27462688-5435-45c6-b138-b9e253e46985"", ""quantity"": 1, ""retail_price"": 924.19, ""selling_price"": 2272.52, ""discount_price"": 105.05, ""total_price"": 2167.47, ""profit"": 1243.28}, {""sale_id"": ""sale_51_4"", ""product_id"": ""59225d33-7d31-4ca9-880b-5c505dbb4815"", ""quantity"": 1, ""retail_price"": 3584.78, ""selling_price"": 7210.08, ""discount_price"": 808.8, ""total_price"": 6401.28, ""profit"": 2816.5}]"
52,39895.27,20104.7,2,"[{""sale_id"": ""sale_52_1"", ""product_id"": ""99e01ae4-edd5-49d7-af36-058c0f68ed31"", ""quantity"": 2, ""retail_price"": 1002.41, ""selling_price"": 1659.77, ""discount_price"": 124.86, ""total_price"": 3069.82, ""profit"": 1065.0}, {""sale_id"": ""sale_52_2"", ""product_id"": ""63d5787a-470e-4ead-9bf1-cbd6231a5d79"", ""quantity"": 5, ""retail_price"": 3557.15, ""selling_price"": 7892.19, ""discount_price"": 527.1, ""total_price"": 36825.45, ""profit"": 19039.7}]"
53,42567.28,9967.0,2,"[{""sale_id"": ""sale_53_1"", ""product_id"": ""53d3989d-8074-4b1e-b6ed-85d826c01c3d"", ""quantity"": 10, ""retail_price"": 2093.8, ""selling_price"": 2948.32, ""discount_price"": 72.18, ""total_price"": 28761.4, ""profit"": 7823.4}, {""sale_id"": ""sale_53_2"", ""product_id"": ""4321fded-8715-4273-a2ed-4d35dd36b778"", ""quantity"": 4, ""retail_price"": 2915.57, ""selling_price"": 3724.67, ""discount_price"": 273.2, ""total_price"": 13805.88, ""profit"": 2143.6}]"
54,119659.44,56944.32,2,"[{""sale_id"": ""sale_54_1"", ""product_id"": ""141eb3e5-bdb2-4c77-bfc0-efe6361f54b2"", ""quantity"": 8, ""retail_price"": 4499.97, ""selling_price"": 8523.83, ""discount_price"": 2.51, ""total_price"": 68170.56, ""profit"": 32170.8}, {""sale_id"": ""sale_54_2"", ""product_id"": ""d3cf4717-3e4f-414a-a35e-b1eed5b9b38f"", ""quantity"": 6, ""retail_price"": 4452.56, ""selling_price"": 9736.46, ""discount_price"": 1154.98, ""total_price"": 51488.88, ""profit"": 24773.52}]"
55,55215.0,28930.56,3,"[{""sale_id"": ""sale_55_1"", ""product_id"": ""f0a50001-d8e5-4101-8c50-157bc13416ab"", ""quantity"": 3, ""retail_price"": 241.48, ""selling_price"": 422.51, ""discount_price"": 12.27, ""total_price"": 1230.72, ""profit"": 506.28}, {""sale_id"": ""sale_55_2"", ""product_id"": ""41f6d610-ea3a-4636-b671-7c542295d0bd"", ""quantity"": 9, ""retail_price"": 1632.14, ""selling_price"": 3688.34, ""discount_price"": 129.46, ""total_price"": 32029.92, ""profit"": 17340.66}, {""sale_id"": ""sale_55_3"", ""product_id"": ""2c868b5e-b2ca-47fe-b190-b1d6649372b8"", ""quantity"": 3, ""retail_price"": 3623.58, ""selling_price"": 7890.13, ""discount_price"": 572.01, ""total_price"": 21954.36, ""profit"": 11083.62}]"
56,135379.67,59109.8,4,"[{""sale_id"": ""sale_56_1"", ""product_id"": ""1e0a7fa3-35f7-430c-b8ab-ad35000e06d1"", ""quantity"": 9, ""retail_price"": 2458.42, ""selling_price"": 3519.88, ""discount_price"": 491.98, ""total_price"": 27251.1, ""profit"": 5125.32}, {""sale_id"": ""sale_56_2"", ""product_id"": ""611ddcac-27a9-498b-b4fb-b56f1ae86666"", ""quantity"": 4, ""retail_price"": 2489.79, ""selling_price"": 4185.77, ""discount_price"": 588.54, ""total_price"": 14388.92, ""profit"": 4429.76}, {""sale_id"": ""sale_56_3"", ""product_id"": ""a1e780da-8f14-4906-98eb-3fe446d374c4"", ""quantity"": 3, ""retail_price"": 3529.67, ""selling_price"": 7517.16, ""discount_price"": 860.26, ""total_price"": 19970.7, ""profit"": 9381.69}, {""sale_id"": ""sale_56_4"", ""product_id"": ""2f7c30de-070e-46a8-8126-a98bf192fea4"", ""quantity"": 9, ""retail_price"": 3732.88, ""selling_price"": 8447.91, ""discount_price"": 251.36, ""total_price"": 73768.95, ""profit"": 40173.03}]"
57,163650.72,67623.03,4,"[{""sale_id"": ""sale_57_1"", ""product_id"": ""d3cf4717-3e4f-414a-a35e-b1eed5b9b38f"", ""quantity"": 9, ""retail_price"": 4598.22, ""selling_price"": 10598.69, ""discount_price"": 1221.13, ""total_price"": 84398.04, ""profit"": 43014.06}, {""sale_id"": ""sale_57_2"", ""product_id"": ""00d7f4ce-8273-4165-8196-9a12989d7a0e"", ""quantity"": 5, ""retail_price"": 2833.57, ""selling_price"": 5223.68, ""discount_price"": 412.26, ""total_price"": 24057.1, ""profit"": 9889.25}, {""sale_id"": ""sale_57_3"", ""product_id"": ""f0a50001-d8e5-4101-8c50-157bc13416ab"", ""quantity"": 10, ""retail_price"": 3951.22, ""selling_price"": 6178.56, ""discount_price"": 873.76, ""total_price"": 53048.0, ""profit"": 13535.8}, {""sale_id"": ""sale_57_4"", ""product_id"": ""9a2b398d-9267-435b-9c85-fe71ac20abc5"", ""quantity"": 1, ""retail_price"": 963.66, ""selling_price"": 2323.83, ""discount_price"": 176.25, ""total_price"": 2147.58, ""profit"": 1183.92}]"
58,85196.94,42966.9,3,"[{""sale_id"": ""sale_58_1"", ""product_id"": ""5a8db62f-83b6-4254-870e-430878507651"", ""quantity"": 7, ""retail_price"": 3508.71, ""selling_price"": 8740.35, ""discount_price"": 759.19, ""total_price"": 55868.12, ""profit"": 31307.15}, {""sale_id"": ""sale_58_2"", ""product_id"": ""16c38ecb-9c4e-40f5-8e9d-23f024d271ef"", ""quantity"": 7, ""retail_price"": 1253.97, ""selling_price"": 2791.42, ""discount_price"": 328.44, ""total_price"": 17240.86, ""profit"": 8463.07}, {""sale_id"": ""sale_58_3"", ""product_id"": ""2da9a040-d7bc-4238-bfc7-29dd58a762ed"", ""quantity"": 2, ""retail_price"": 4445.64, ""selling_price"": 6542.68, ""discount_price"": 498.7, ""total_price"": 12087.96, ""profit"": 3196.68}]"
59,21198.76,11667.08,1,"[{""sale_id"": ""sale_59_1"", ""product_id"": ""fe9c1852-9965-4eef-828c-5f0d58736efe"", ""quantity"": 4, ""retail_price"": 2382.92, ""selling_price"": 5801.24, ""discount_price"": 501.55, ""total_price"": 21198.76, ""profit"": 11667.08}]"
60,36635.09,19977.3,2,"[{""sale_id"": ""sale_60_1"", ""product_id"": ""d02108d9-798f-472a-a1a0-e77253e4e44b"", ""quantity"": 8, ""retail_price"": 1522.54, ""selling_price"": 3696.13, ""discount_price"": 11.73, ""total_price"": 29475.2, ""profit"": 17294.88}, {""sale_id"": ""sale_60_2"", ""product_id"": ""fe9c1852-9965-4eef-828c-5f0d58736efe"", ""quantity"": 3, ""retail_price"": 1492.49, ""selling_price"": 2694.14, ""discount_price"": 307.51, ""total_price"": 7159.89, ""profit"": 2682.42}]"
61,125405.13,53523.33,2,"[{""sale_id"": ""sale_61_1"", ""product_id"": ""98b4053d-99cd-4ad8-b2fd-008e529fc849"", ""quantity"": 9, ""retail_price"": 4380.3, ""selling_price"": 9716.78, ""discount_price"": 825.51, ""total_price"": 80021.43, ""profit"": 40598.73}, {""sale_id"": ""sale_61_2"", ""product_id"": ""758f5afd-c486-4a2d-b309-80686753e774"", ""quantity"": 10, ""retail_price"": 3245.91, ""selling_price"": 4613.69, ""discount_price"": 75.32, ""total_price"": 45383.7, ""profit"": 12924.6}]"
62,32479.18,8269.8,2,"[{""sale_id"": ""sale_62_1"", ""product_id"": ""2f7c30de-070e-46a8-8126-a98bf192fea4"", ""quantity"": 1, ""retail_price"": 4778.82, ""selling_price"": 9688.59, ""discount_price"": 408.45, ""total_price"": 9280.14, ""profit"": 4501.32}, {""sale_id"": ""sale_62_2"", ""product_id"": ""e43c6c6e-9da3-4f47-abcc-9ebae2252f6b"", ""quantity"": 8, ""retail_price"": 2428.82, ""selling_price"": 3196.9, ""discount_price"": 297.02, ""total_price"": 23199.04, ""profit"": 3768.48}]"
63,23839.72,7676.44,1,"[{""sale_id"": ""sale_63_1"", ""product_id"": ""65136a23-a032-419e-8bd4-ee05df22d346"", ""quantity"": 4, ""retail_price"": 4040.82, ""selling_price"": 6542.2, ""discount_price"": 582.27, ""total_price"": 23839.72, ""profit"": 7676.44}]"
64,3216.45,818.5,1,"[{""sale_id"": ""sale_64_1"", ""product_id"": ""334d5d5a-0d32-4fde-b87d-db60c766eb04"", ""quantity"": 5, ""retail_price"": 479.59, ""selling_price"": 726.78, ""discount_price"": 83.49, ""total_price"": 3216.45, ""profit"": 818.5}]"
65,71264.92,30150.48,4,"[{""sale_id"": ""sale_65_1"", ""product_id"": ""19f6d932-7ca5-47eb-9467-df494c68943e"", ""quantity"": 7, ""retail_price"": 2014.05, ""selling_price"": 3594.77, ""discount_price"": 158.05, ""total_price"": 24057.04, ""profit"": 9958.69}, {""sale_id"": ""sale_65_2"", ""product_id"": ""ea2f3eb5-58f9-4404-a8a5-0c7954fc48af"", ""quantity"": 7, ""retail_price"": 3082.8, ""selling_price"": 6015.42, ""discount_price"": 352.22, ""total_price"": 39642.4, ""profit"": 18062.8}, {""sale_id"": ""sale_65_3"", ""product_id"": ""e43c6c6e-9da3-4f47-abcc-9ebae2252f6b"", ""quantity"": 3, ""retail_price"": 1402.47, ""selling_price"": 2316.05, ""discount_price"": 314.83, ""total_price"": 6003.66, ""profit"": 1796.25}, {""sale_id"": ""sale_65_4"", ""product_id"": ""7477e869-c135-4623-99ac-5ddbb3ef4ead"", ""quantity"": 1, ""retail_price"": 1229.08, ""selling_price"": 1635.64, ""discount_price"": 73.82, ""total_price"": 1561.82, ""profit"": 332.74}]"
66,38498.92,19402.04,1,"[{""sale_id"": ""sale_66_1"", ""product_id"": ""334d5d5a-0d32-4fde-b87d-db60c766eb04"", ""quantity"": 4, ""retail_price"": 4774.22, ""selling_price"": 11217.7, ""discount_price"": 1592.97, ""total_price"": 38498.92, ""profit"": 19402.04}]"
67,15894.3,8058.24,1,"[{""sale_id"": ""sale_67_1"", ""product_id"": ""fbd43656-b873-48c0-954c-c2986eb6a51f"", ""quantity"": 3, ""retail_price"": 2612.02, ""selling_price"": 5547.58, ""discount_price"": 249.48, ""total_price"": 15894.3, ""profit"": 8058.24}]"
68,106739.05,60902.34,3,"[{""sale_id"": ""sale_68_1"", ""product_id"": ""19f6d932-7ca5-47eb-9467-df494c68943e"", ""quantity"": 9, ""retail_price"": 4854.19, ""selling_price"": 11494.28, ""discount_price"": 186.71, ""total_price"": 101768.13, ""profit"": 58080.42}, {""sale_id"": ""sale_68_2"", ""product_id"": ""4bf6cfa7-8908-47c9-865c-440c4a0495ae"", ""quantity"": 2, ""retail_price"": 111.86, ""selling_price"": 220.6, ""discount_price"": 10.77, ""total_price"": 419.66, ""profit"": 195.94}, {""sale_id"": ""sale_68_3"", ""product_id"": ""648379e0-0b0a-4923-a0e7-bf9d6c7aae39"", ""quantity"": 7, ""retail_price"": 275.04, ""selling_price"": 683.59, ""discount_price"": 33.41, ""total_price"": 4551.26, ""profit"": 2625.98}]"
69,29616.95,15445.35,1,"[{""sale_id"": ""sale_69_1"", ""product_id"": ""f0a50001-d8e5-4101-8c50-157bc13416ab"", ""quantity"": 5, ""retail_price"": 2834.32, ""selling_price"": 6011.97, ""discount_price"": 88.58, ""total_price"": 29616.95, ""profit"": 15445.35}]"
70,75446.13,19765.07,4,"[{""sale_id"": ""sale_70_1"", ""product_id"": ""05c98ab6-f148-49f1-9b07-0dfdd9002ba3"", ""quantity"": 5, ""retail_price"": 4187.98, ""selling_price"": 6384.68, ""discount_price"": 202.49, ""total_price"": 30910.95, ""profit"": 9971.05}, {""sale_id"": ""sale_70_2"", ""product_id"": ""41f6d610-ea3a-4636-b671-7c542295d0bd"", ""quantity"": 4, ""retail_price"": 3774.02, ""selling_price"": 4831.0, ""discount_price"": 479.68, ""total_price"": 17405.28, ""profit"": 2309.2}, {""sale_id"": ""sale_70_3"", ""product_id"": ""f33f3be1-c291-4a1a-810e-a5a709b23188"", ""quantity"": 3, ""retail_price"": 2440.21, ""selling_price"": 4258.09, ""discount_price"": 289.53, ""total_price"": 11905.68, ""profit"": 4585.05}, {""sale_id"": ""sale_70_4"", ""product_id"": ""e43c6c6e-9da3-4f47-abcc-9ebae2252f6b"", ""quantity"": 3, ""retail_price"": 4108.15, ""selling_price"": 5869.3, ""discount_price"": 794.56, ""total_price"": 15224.22, ""profit"": 2899.77}]"
71,53128.46,26695.43,3,"[{""sale_id"": ""sale_71_1"", ""product_id"": ""0639d14b-f274-401b-b205-61da8cc46800"", ""quantity"": 7, ""retail_price"": 1188.18, ""selling_price"": 2075.52, ""discount_price"": 180.28, ""total_price"": 13266.68, ""profit"": 4949.42}, {""sale_id"": ""sale_71_2"", ""product_id"": ""a84ac597-c453-4eb3-9823-ac881dcfdebe"", ""quantity"": 6, ""retail_price"": 1974.73, ""selling_price"": 4795.71, ""discount_price"": 617.72, ""total_price"": 25067.94, ""profit"": 13219.56}, {""sale_id"": ""sale_71_3"", ""product_id"": ""0136e827-bc2b-4d88-a084-2aaf33ca283f"", ""quantity"": 3, ""retail_price"": 2089.13, ""selling_price"": 4987.46, ""discount_price"": 56.18, ""total_price"": 14793.84, ""profit"": 8526.45}]"
72,26587.18,11510.31,2,"[{""sale_id"": ""sale_72_1"", ""product_id"": ""c755d3d3-67b6-4191-b7a6-ce34bdb57fe1"", ""quantity"": 1, ""retail_price"": 2442.04, ""selling_price"": 4595.61, ""discount_price"": 68.51, ""total_price"": 4527.1, ""profit"": 2085.06}, {""sale_id"": ""sale_72_2"", ""product_id"": ""6b0b12e1-c653-4e2c-aa67-5149c7de5b7c"", ""quantity"": 9, ""retail_price"": 1403.87, ""selling_price"": 2508.46, ""discount_price"": 57.34, ""total_price"": 22060.08, ""profit"": 9425.25}]"
73,156054.86,58738.54,3,"[{""sale_id"": ""sale_73_1"", ""product_id"": ""98b4053d-99cd-4ad8-b2fd-008e529fc849"", ""quantity"": 6, ""retail_price"": 3845.04, ""selling_price"": 5507.45, ""discount_price"": 821.04, ""total_price"": 28118.46, ""profit"": 5048.22}, {""sale_id"": ""sale_73_2"", ""product_id"": ""4bf6cfa7-8908-47c9-865c-440c4a0495ae"", ""quantity"": 10, ""retail_price"": 4464.31, ""selling_price"": 7525.15, ""discount_price"": 463.61, ""total_price"": 70615.4, ""profit"": 25972.3}, {""sale_id"": ""sale_73_3"", ""product_id"": ""82dd5084-eafe-4cca-835f-3e79b5bdf280"", ""quantity"": 9, ""retail_price"": 3289.22, ""selling_price"": 6838.87, ""discount_price"": 469.87, ""total_price"": 57321.0, ""profit"": 27718.02}]"
74,19048.7,3296.9,1,"[{""sale_id"": ""sale_74_1"", ""product_id"": ""3be5afe0-5e0a-4648-a66b-06cc415a70b5"", ""quantity"": 10, ""retail_price"": 1575.18, ""selling_price"": 2204.47, ""discount_price"": 299.6, ""total_price"": 19048.7, ""profit"": 3296.9}]"
75,32180.72,16423.68,1,"[{""sale_id"": ""sale_75_1"", ""product_id"": ""7477e869-c135-4623-99ac-5ddbb3ef4ead"", ""quantity"": 4, ""retail_price"": 3939.26, ""selling_price"": 9188.67, ""discount_price"": 1143.49, ""total_price"": 32180.72, ""profit"": 16423.68}]"
76,30079.18,7385.15,2,"[{""sale_id"": ""sale_76_1"", ""product_id"": ""9e04ba42-f549-4ecd-93cf-e2bda893cd3e"", ""quantity"": 4, ""retail_price"": 4836.71, ""selling_price"": 7187.91, ""discount_price"": 771.38, ""total_price"": 25666.12, ""profit"": 6319.28}, {""sale_id"": ""sale_76_2"", ""product_id"": ""9ff925e7-1f04-42b6-b7d7-9db0fa7988a0"", ""quantity"": 9, ""retail_price"": 371.91, ""selling_price"": 502.25, ""discount_price"": 11.91, ""total_price"": 4413.06, ""profit"": 1065.87}]"
77,3247.36,1251.56,1,"[{""sale_id"": ""sale_77_1"", ""product_id"": ""12fbd075-cded-4572-a3a3-212a44b9b82a"", ""quantity"": 4, ""retail_price"": 498.95, ""selling_price"": 842.9, ""discount_price"": 31.06, ""total_price"": 3247.36, ""profit"": 1251.56}]"
78,107979.8,43364.6,2,"[{""sale_id"": ""sale_78_1"", ""product_id"": ""334d5d5a-0d32-4fde-b87d-db60c766eb04"", ""quantity"": 10, ""retail_price"": 4045.74, ""selling_price"": 6428.94, ""discount_price"": 728.59, ""total_price"": 57003.5, ""profit"": 16546.1}, {""sale_id"": ""sale_78_2"", ""product_id"": ""b6e7d177-8437-4bd1-9e94-ba85a7ca5d29"", ""quantity"": 6, ""retail_price"": 4026.3, ""selling_price"": 8834.44, ""discount_price"": 338.39, ""total_price"": 50976.3, ""profit"": 26818.5}]"
79,20210.82,4564.0,1,"[{""sale_id"": ""sale_79_1"", ""product_id"": ""0639d14b-f274-401b-b205-61da8cc46800"", ""quantity"": 7, ""retail_price"": 2235.26, ""selling_price"": 3253.57, ""discount_price"": 366.31, ""total_price"": 20210.82, ""profit"": 4564.0}]"
80,60202.05,26583.89,3,"[{""sale_id"": ""sale_80_1"", ""product_id"": ""ea2f3eb5-58f9-4404-a8a5-0c7954fc48af"", ""quantity"": 5, ""retail_price"": 1365.44, ""selling_price"": 3069.45, ""discount_price"": 354.04, ""total_price"": 13577.05, ""profit"": 6749.85}, {""sale_id"": ""sale_80_2"", ""product_id"": ""224bcb6f-40ce-408d-a737-8587f9ba703e"", ""quantity"": 9, ""retail_price"": 2573.7, ""selling_price"": 5066.76, ""discount_price"": 610.62, ""total_price"": 40105.26, ""profit"": 16941.96}, {""sale_id"": ""sale_80_3"", ""product_id"": ""0136e827-bc2b-4d88-a084-2aaf33ca283f"", ""quantity"": 2, ""retail_price"": 1813.83, ""selling_price"": 3530.48, ""discount_price"": 270.61, ""total_price"": 6519.74, ""profit"": 2892.08}]"
81,81602.42,25880.82,4,"[{""sale_id"": ""sale_81_1"", ""product_id"": ""fbd43656-b873-48c0-954c-c2986eb6a51f"", ""quantity"": 6, ""retail_price"": 1199.28, ""selling_price"": 1629.81, ""discount_price"": 62.17, ""total_price"": 9405.84, ""profit"": 2210.16}, {""sale_id"": ""sale_81_2"", ""product_id"": ""98b4053d-99cd-4ad8-b2fd-008e529fc849"", ""quantity"": 8, ""retail_price"": 4521.03, ""selling_price"": 5873.88, ""discount_price"": 133.17, ""total_price"": 45925.68, ""profit"": 9757.44}, {""sale_id"": ""sale_81_3"", ""product_id"": ""ea2f3eb5-58f9-4404-a8a5-0c7954fc48af"", ""quantity"": 2, ""retail_price"": 3765.28, ""selling_price"": 9092.6, ""discount_price"": 243.61, ""total_price"": 17697.98, ""profit"": 10167.42}, {""sale_id"": ""sale_81_4"", ""product_id"": ""4243d014-9ea8-4b3c-a9ff-04b471922e67"", ""quantity"": 6, ""retail_price"": 804.52, ""selling_price"": 1530.01, ""discount_price"": 101.19, ""total_price"": 8572.92, ""profit"": 3745.8}]"
82,86476.16,39223.63,3,"[{""sale_id"": ""sale_82_1"", ""product_id"": ""fbd43656-b873-48c0-954c-c2986eb6a51f"", ""quantity"": 3, ""retail_price"": 1963.41, ""selling_price"": 3026.0, ""discount_price"": 250.98, ""total_price"": 8325.06, ""profit"": 2434.83}, {""sale_id"": ""sale_82_2"", ""product_id"": ""3e8cf4b5-771e-4906-8b99-c24741487e9a"", ""quantity"": 10, ""retail_price"": 3214.02, ""selling_price"": 6530.39, ""discount_price"": 378.86, ""total_price"": 61515.3, ""profit"": 29375.1}, {""sale_id"": ""sale_82_3"", ""product_id"": ""ea2f3eb5-58f9-4404-a8a5-0c7954fc48af"", ""quantity"": 5, ""retail_price"": 1844.42, ""selling_price"": 3747.81, ""discount_price"": 420.65, ""total_price"": 16635.8, ""profit"": 7413.7}]"
83,107263.73,36302.8,4,"[{""sale_id"": ""sale_83_1"", ""product_id"": ""141eb3e5-bdb2-4c77-bfc0-efe6361f54b2"", ""quantity"": 1, ""retail_price"": 4808.55, ""selling_price"": 9609.59, ""discount_price"": 1248.58, ""total_price"": 8361.01, ""profit"": 3552.46}, {""sale_id"": ""sale_83_2"", ""product_id"": ""3c840745-827a-4c1c-a2ea-f80bac0ab255"", ""quantity"": 7, ""retail_price"": 4170.72, ""selling_price"": 8391.74, ""discount_price"": 843.3, ""total_price"": 52839.08, ""profit"": 23644.04}, {""sale_id"": ""sale_83_3"", ""product_id"": ""f33f3be1-c291-4a1a-810e-a5a709b23188"", ""quantity"": 4, ""retail_price"": 838.81, ""selling_price"": 1745.91, ""discount_price"": 127.8, ""total_price"": 6472.44, ""profit"": 3117.2}, {""sale_id"": ""sale_83_4"", ""product_id"": ""9e04ba42-f549-4ecd-93cf-e2bda893cd3e"", ""quantity"": 10, ""retail_price"": 3360.21, ""selling_price"": 4614.2, ""discount_price"": 655.08, ""total_price"": 39591.2, ""profit"": 5989.1}]"
84,28597.34,11649.36,2,"[{""sale_id"": ""sale_84_1"", ""product_id"": ""59225d33-7d31-4ca9-880b-5c505dbb4815"", ""quantity"": 4, ""retail_price"": 3479.92, ""selling_price"": 6215.44, ""discount_price"": 672.67, ""total_price"": 22171.08, ""profit"": 8251.4}, {""sale_id"": ""sale_84_2"", ""product_id"": ""c3f151c3-d2a0-423e-88d2-ce7d6f18fa96"", ""quantity"": 2, ""retail_price"": 1514.15, ""selling_price"": 3671.96, ""discount_price"": 458.83, ""total_price"": 6426.26, ""profit"": 3397.96}]"
85,102233.15,26298.94,4,"[{""sale_id"": ""sale_85_1"", ""product_id"": ""5a8db62f-83b6-4254-870e-430878507651"", ""quantity"": 9, ""retail_price"": 4493.89, ""selling_price"": 5976.13, ""discount_price"": 725.35, ""total_price"": 47257.02, ""profit"": 6812.01}, {""sale_id"": ""sale_85_2"", ""product_id"": ""2da9a040-d7bc-4238-bfc7-29dd58a762ed"", ""quantity"": 2, ""retail_price"": 2494.23, ""selling_price"": 3751.82, ""discount_price"": 320.65, ""total_price"": 6862.34, ""profit"": 1873.88}, {""sale_id"": ""sale_85_3"", ""product_id"": ""63d5787a-470e-4ead-9bf1-cbd6231a5d79"", ""quantity"": 6, ""retail_price"": 2213.27, ""selling_price"": 4157.67, ""discount_price"": 153.1, ""total_price"": 24027.42, ""profit"": 10747.8}, {""sale_id"": ""sale_85_4"", ""product_id"": ""21ec3906-7ed2-4ce3-96f1-f2b8df59f4a1"", ""quantity"": 7, ""retail_price"": 2460.16, ""selling_price"": 3932.57, ""discount_price"": 491.66, ""total_price"": 24086.37, ""profit"": 6865.25}]"
86,10851.96,2655.76,2,"[{""sale_id"": ""sale_86_1"", ""product_id"": ""5a8db62f-83b6-4254-870e-430878507651"", ""quantity"": 3, ""retail_price"": 551.8, ""selling_price"": 907.46, ""discount_price"": 69.44, ""total_price"": 2514.06, ""profit"": 858.66}, {""sale_id"": ""sale_86_2"", ""product_id"": ""1829e621-1200-479d-92f2-4caa8775a7b4"", ""quantity"": 2, ""retail_price"": 3270.4, ""selling_price"": 4664.25, ""discount_price"": 495.3, ""total_price"": 8337.9, ""profit"": 1797.1}]"
87,79207.57,27702.64,4,"[{""sale_id"": ""sale_87_1"", ""product_id"": ""b6e7d177-8437-4bd1-9e94-ba85a7ca5d29"", ""quantity"": 10, ""retail_price"": 1812.49, ""selling_price"": 2901.88, ""discount_price"": 87.78, ""total_price"": 28141.0, ""profit"": 10016.1}, {""sale_id"": ""sale_87_2"", ""product_id"": ""bd8b9b9c-c36e-4d90-b8cc-bfa8fdf9a5a0"", ""quantity"": 5, ""retail_price"": 2313.87, ""selling_price"": 2804.16, ""discount_price"": 394.68, ""total_price"": 12047.4, ""profit"": 478.05}, {""sale_id"": ""sale_87_3"", ""product_id"": ""b22a8821-b3b7-4ce1-974f-756d168bf69f"", ""quantity"": 1, ""retail_price"": 2222.84, ""selling_price"": 3411.34, ""discount_price"": 202.99, ""total_price"": 3208.35, ""profit"": 985.51}, {""sale_id"": ""sale_87_4"", ""product_id"": ""d79de675-9a21-47a9-809a-f279c3c85508"", ""quantity"": 6, ""retail_price"": 3264.64, ""selling_price"": 6496.3, ""discount_price"": 527.83, ""total_price"": 35810.82, ""profit"": 16222.98}]"
88,58993.1,31894.05,2,"[{""sale_id"": ""sale_88_1"", ""product_id"": ""996c926e-4dba-4504-a636-d300736b2db0"", ""quantity"": 5, ""retail_price"": 3751.63, ""selling_price"": 9046.01, ""discount_price"": 461.57, ""total_price"": 42922.2, ""profit"": 24164.05}, {""sale_id"": ""sale_88_2"", ""product_id"": ""c26d5b6c-f44f-4eea-bf1b-ae502c5ab339"", ""quantity"": 5, ""retail_price"": 1668.18, ""selling_price"": 3642.19, ""discount_price"": 428.01, ""total_price"": 16070.9, ""profit"": 7730.0}]"
89,57238.53,24605.96,3,"[{""sale_id"": ""sale_89_1"", ""product_id"": ""fbd43656-b873-48c0-954c-c2986eb6a51f"", ""quantity"": 1, ""retail_price"": 1707.35, ""selling_price"": 4107.94, ""discount_price"": 383.93, ""total_price"": 3724.01, ""profit"": 2016.66}, {""sale_id"": ""sale_89_2"", ""product_id"": ""c755d3d3-67b6-4191-b7a6-ce34bdb57fe1"", ""quantity"": 10, ""retail_price"": 2360.3, ""selling_price"": 4207.62, ""discount_price"": 11.9, ""total_price"": 41957.2, ""profit"": 18354.2}, {""sale_id"": ""sale_89_3"", ""product_id"": ""c3f151c3-d2a0-423e-88d2-ce7d6f18fa96"", ""quantity"": 6, ""retail_price"": 1220.37, ""selling_price"": 1951.53, ""discount_price"": 25.31, ""total_price"": 11557.32, ""profit"": 4235.1}]"
90,73075.36,27597.08,3,"[{""sale_id"": ""sale_90_1"", ""product_id"": ""f33f3be1-c291-4a1a-810e-a5a709b23188"", ""quantity"": 2, ""retail_price"": 504.03, ""selling_price"": 669.77, ""discount_price"": 34.87, ""total_price"": 1269.8, ""profit"": 261.74}, {""sale_id"": ""sale_90_2"", ""product_id"": ""b1ec7481-838b-4f9e-b7e6-5465cbcde798"", ""quantity"": 6, ""retail_price"": 3967.57, ""selling_price"": 6429.27, ""discount_price"": 938.77, ""total_price"": 32943.0, ""profit"": 9137.58}, {""sale_id"": ""sale_90_3"", ""product_id"": ""c5fe7d8d-44e8-4e5c-96f5-6b6e02aa8ce3"", ""quantity"": 8, ""retail_price"": 2583.1, ""selling_price"": 5479.61, ""discount_price"": 621.79, ""total_price"": 38862.56, ""profit"": 18197.76}]"
91,49193.1,25013.39,2,"[{""sale_id"": ""sale_91_1"", ""product_id"": ""27462688-5435-45c6-b138-b9e253e46985"", ""quantity"": 9, ""retail_price"": 1557.95, ""selling_price"": 3425.81, ""discount_price"": 43.43, ""total_price"": 30441.42, ""profit"": 16419.87}, {""sale_id"": ""sale_91_2"", ""product_id"": ""e43c6c6e-9da3-4f47-abcc-9ebae2252f6b"", ""quantity"": 8, ""retail_price"": 1269.77, ""selling_price"": 2348.11, ""discount_price"": 4.15, ""total_price"": 18751.68, ""profit"": 8593.52}]"
92,56462.3,28468.01,4,"[{""sale_id"": ""sale_92_1"", ""product_id"": ""3c840745-827a-4c1c-a2ea-f80bac0ab255"", ""quantity"": 4, ""retail_price"": 3698.86, ""selling_price"": 9058.62, ""discount_price"": 320.33, ""total_price"": 34953.16, ""profit"": 20157.72}, {""sale_id"": ""sale_92_2"", ""product_id"": ""98b4053d-99cd-4ad8-b2fd-008e529fc849"", ""quantity"": 2, ""retail_price"": 1213.09, ""selling_price"": 1714.57, ""discount_price"": 42.15, ""total_price"": 3344.84, ""profit"": 918.66}, {""sale_id"": ""sale_92_3"", ""product_id"": ""16c38ecb-9c4e-40f5-8e9d-23f024d271ef"", ""quantity"": 1, ""retail_price"": 1283.55, ""selling_price"": 3087.02, ""discount_price"": 400.92, ""total_price"": 2686.1, ""profit"": 1402.55}, {""sale_id"": ""sale_92_4"", ""product_id"": ""0136e827-bc2b-4d88-a084-2aaf33ca283f"", ""quantity"": 4, ""retail_price"": 2372.28, ""selling_price"": 4168.03, ""discount_price"": 298.48, ""total_price"": 15478.2, ""profit"": 5989.08}]"
93,39876.64,6964.32,1,"[{""sale_id"": ""sale_93_1"", ""product_id"": ""2da9a040-d7bc-4238-bfc7-29dd58a762ed"", ""quantity"": 8, ""retail_price"": 4114.04, ""selling_price"": 5633.52, ""discount_price"": 648.94, ""total_price"": 39876.64, ""profit"": 6964.32}]"
94,22624.38,7634.75,2,"[{""sale_id"": ""sale_94_1"", ""product_id"": ""4bf6cfa7-8908-47c9-865c-440c4a0495ae"", ""quantity"": 5, ""retail_price"": 1378.37, ""selling_price"": 1855.64, ""discount_price"": 243.83, ""total_price"": 8059.05, ""profit"": 1167.2}, {""sale_id"": ""sale_94_2"", ""product_id"": ""caaa3d4f-a7d9-4643-8697-d0a57aa0b7b0"", ""quantity"": 3, ""retail_price"": 2699.26, ""selling_price"": 5424.62, ""discount_price"": 569.51, ""total_price"": 14565.33, ""profit"": 6467.55}]"
95,148021.31,67228.77,3,"[{""sale_id"": ""sale_95_1"", ""product_id"": ""41f6d610-ea3a-4636-b671-7c542295d0bd"", ""quantity"": 7, ""retail_price"": 4920.82, ""selling_price"": 9118.47, ""discount_price"": 1322.42, ""total_price"": 54572.35, ""profit"": 20126.61}, {""sale_id"": ""sale_95_2"", ""product_id"": ""81f43de0-1710-4183-a87e-6ef7d7c34f62"", ""quantity"": 6, ""retail_price"": 4696.88, ""selling_price"": 11601.46, ""discount_price"": 250.42, ""total_price"": 68106.24, ""profit"": 39924.96}, {""sale_id"": ""sale_95_3"", ""product_id"": ""2f7c30de-070e-46a8-8126-a98bf192fea4"", ""quantity"": 8, ""retail_price"": 2270.69, ""selling_price"": 3387.88, ""discount_price"": 220.04, ""total_price"": 25342.72, ""profit"": 7177.2}]"
96,31976.21,7470.42,3,"[{""sale_id"": ""sale_96_1"", ""product_id"": ""27462688-5435-45c6-b138-b9e253e46985"", ""quantity"": 3, ""retail_price"": 1646.93, ""selling_price"": 3068.35, ""discount_price"": 354.51, ""total_price"": 8141.52, ""profit"": 3200.73}, {""sale_id"": ""sale_96_2"", ""product_id"": ""e43c6c6e-9da3-4f47-abcc-9ebae2252f6b"", ""quantity"": 7, ""retail_price"": 2268.54, ""selling_price"": 3065.11, ""discount_price"": 301.24, ""total_price"": 19347.09, ""profit"": 3467.31}, {""sale_id"": ""sale_96_3"", ""product_id"": ""27462688-5435-45c6-b138-b9e253e46985"", ""quantity"": 2, ""retail_price"": 1842.61, ""selling_price"": 2481.08, ""discount_price"": 237.28, ""total_price"": 4487.6, ""profit"": 802.38}]"
97,3652.42,599.95,1,"[{""sale_id"": ""sale_97_1"", ""product_id"": ""879491ec-123c-473d-a3e1-35928eb5f75a"", ""quantity"": 1, ""retail_price"": 3052.47, ""selling_price"": 3671.26, ""discount_price"": 18.84, ""total_price"": 3652.42, ""profit"": 599.95}]"
98,12443.49,7023.78,1,"[{""sale_id"": ""sale_98_1"", ""product_id"": ""e4507556-92e0-4327-bb71-bbe36128b1ff"", ""quantity"": 9, ""retail_price"": 602.19, ""selling_price"": 1437.42, ""discount_price"": 54.81, ""total_price"": 12443.49, ""profit"": 7023.78}]"
99,151843.5,71046.56,4,"[{""sale_id"": ""sale_99_1"", ""product_id"": ""e5dd57f4-155b-420f-a7a7-60448fe9465d"", ""quantity"": 8, ""retail_price"": 3760.42, ""selling_price"": 8359.12, ""discount_price"": 847.24, ""total_price"": 60095.04, ""profit"": 30011.68}, {""sale_id"": ""sale_99_2"", ""product_id"": ""c5fe7d8d-44e8-4e5c-96f5-6b6e02aa8ce3"", ""quantity"": 7, ""retail_price"": 3871.66, ""selling_price"": 6155.82, ""discount_price"": 285.68, ""total_price"": 41090.98, ""profit"": 13989.36}, {""sale_id"": ""sale_99_3"", ""product_id"": ""4bf6cfa7-8908-47c9-865c-440c4a0495ae"", ""quantity"": 4, ""retail_price"": 3857.27, ""selling_price"": 8399.8, ""discount_price"": 38.44, ""total_price"": 33445.44, ""profit"": 18016.36}, {""sale_id"": ""sale_99_4"", ""product_id"": ""b22a8821-b3b7-4ce1-974f-756d168bf69f"", ""quantity"": 4, ""retail_price"": 2045.72, ""selling_price"": 4458.01, ""discount_price"": 155.0, ""total_price"": 17212.04, ""profit"": 9029.16}]"
100,180119.14,76854.12,4,"[{""sale_id"": ""sale_100_1"", ""product_id"": ""4bf6cfa7-8908-47c9-865c-440c4a0495ae"", ""quantity"": 9, ""retail_price"": 684.19, ""selling_price"": 878.08, ""discount_price"": 32.55, ""total_price"": 7609.77, ""profit"": 1452.06}, {""sale_id"": ""sale_100_2"", ""product_id"": ""e92ea2fa-ed2d-412e-9b89-82675f43efb7"", ""quantity"": 5, ""retail_price"": 4804.57, ""selling_price"": 7252.21, ""discount_price"": 451.26, ""total_price"": 34004.75, ""profit"": 9981.9}, {""sale_id"": ""sale_100_3"", ""product_id"": ""d3cf4717-3e4f-414a-a35e-b1eed5b9b38f"", ""quantity"": 9, ""retail_price"": 4930.14, ""selling_price"": 9243.91, ""discount_price"": 460.53, ""total_price"": 79050.42, ""profit"": 34679.16}, {""sale_id"": ""sale_100_4"", ""product_id"": ""41f6d610-ea3a-4636-b671-7c542295d0bd"", ""quantity"": 10, ""retail_price"": 2871.32, ""selling_price"": 6975.55, ""discount_price"": 1030.13, ""total_price"": 59454.2, ""profit"": 30741.0}]"
